{
  "metadata": {
    "generated_at": "2025-11-13T15:52:49.010567",
    "subnetwork": "jki",
    "total_portfolios": 9,
    "total_terminal_pairs": 3
  },
  "terminal_pair_reliabilities_by_portfolio": {
    "0": {
      "(KNH V0381, LUI V0511)": 0.9801,
      "(JKI V0411, KNH V0381)": 0.99,
      "(JKI V0422, LUI V0511)": 0.99
    },
    "4": {
      "(KNH V0381, LUI V0511)": 0.98505,
      "(JKI V0411, KNH V0381)": 0.99,
      "(JKI V0422, LUI V0511)": 0.995
    },
    "5": {
      "(KNH V0381, LUI V0511)": 0.990025,
      "(JKI V0411, KNH V0381)": 0.995,
      "(JKI V0422, LUI V0511)": 0.995
    }
  }
}