{
  "metadata": {
    "generated_at": "2025-12-11T07:49:50.873689",
    "subnetwork": "apt",
    "total_portfolios": 16,
    "total_terminal_pairs": 3
  },
  "terminal_pair_reliabilities_by_portfolio": {
    "0": {
      "(LNA V0001, SIJ V0632)": 0.9801,
      "(APT V0002, LNA V0001)": 0.99,
      "(APT V0001, SIJ V0632)": 0.99
    },
    "2": {
      "(LNA V0001, SIJ V0632)": 0.98505,
      "(APT V0002, LNA V0001)": 0.995,
      "(APT V0001, SIJ V0632)": 0.99
    },
    "3": {
      "(LNA V0001, SIJ V0632)": 0.990025,
      "(APT V0002, LNA V0001)": 0.995,
      "(APT V0001, SIJ V0632)": 0.995
    }
  }
}